,mean,std,best
qlearning_pso,7.319803645984118,9.523502381398332,2.3977690943866037e-09
pso,13.23843212127298,2.3357258783521035,8.933008782591227
ga,14.675040913541054,5.133818327726576,1.5779932914152965
iterative_local_search,15.334278290150543,3.6901930448045195,3.421177417137468
simulated_annealing,19.973116419578414,0.5434424182971339,17.11115814717676
