,mean,std,best
qlearning_pso,4019.4331763299247,4053.1138628932845,0.024037355556868836
pso,4727045.568537194,29868744.965180535,112.7454956402284
ga,5056964.950544714,10398206.631528249,255.40351790296222
iterative_local_search,2583516.8284305353,5665908.230489087,383.13334009951376
simulated_annealing,2845419124.8315578,2669083945.5978255,1603.5282174652323
