,mean,std,best
qlearning_pso,0.0563611363868284,0.06400936513219685,6.100477945025773e-08
pso,0.08298881552625151,0.08834428178714157,0.0006268739165578019
ga,0.2160923989299813,0.1422561732193791,0.016703276217755136
iterative_local_search,0.379529310033918,0.16599130477192953,0.06408246337527956
simulated_annealing,2.1857623755703157,1.0615711668042458,0.06679507368170678
