,mean,std,best
qlearning_pso,2.326145057025248e-10,1.2475984924991192e-09,3.799734254396841e-23
pso,19056.97525362004,77109.55599086698,0.00030147454174944
ga,1900.2387808265287,8031.903375491707,0.24796284235062785
iterative_local_search,28063.287110750043,51096.91196845012,0.5775609976082435
simulated_annealing,49510563.630671,58616626.68371801,3269.7604905402054
