,mean,std,best
qlearning_pso,0.004140405454791069,0.004174885885281435,1.391637250418531e-07
pso,0.27693615872325794,1.5572563925313323,1.5654026829731968e-05
ga,4.868737612866617,7.820661278642088,0.01020148255577885
iterative_local_search,2.507325148913416,4.71978306747543,0.00785848984524527
simulated_annealing,2863.5471934500024,2793.127109382883,0.5267363941385912
