,mean,std,best
qlearning_pso,1.7971131657519792,1.589749714302102,1.3695711231775931e-12
pso,113.65080087663102,183.30376757495793,2.3872837248124323
ga,45.17751933271627,40.439596045155916,5.701503045175162
iterative_local_search,131.15898544884683,102.77474917318592,15.48238416438968
simulated_annealing,5990.562524022523,3637.692353954429,180.08980912814044
