,mean,std,best
qlearning_pso,34.91549620691149,42.71221327090673,1.008116406434948e-17
pso,3807.3457035659867,10003.473404390765,0.215515419163986
ga,261.60522091258173,508.41448757029326,2.6991185452846915
iterative_local_search,2289.5722082047096,3726.56310225804,0.31465192589169416
simulated_annealing,224734263.1838624,282843018.1569619,119.14907134740588
